H,He,Li,Be,B,C,N,O,F,Ne
1.3482656848725127,2.4116099802235444,2.6920986815630203,3.691897701169709,4.692506855940087,5.692648372353246,6.691227524692612,7.689831642713069,8.687315565047935,9.685051988005394
1.1824684729374015,1.777109589848288,0.6522470945485981,0.9695201727017492,1.2800894611900862,1.5878939344069973,1.9139471086976858,2.233143535499925,2.5625612575886536,2.8858746749893
