H,He,Li,Be,B,C,N,O,F,Ne,Na,Mg,Al,Si,P,S,Cl,Ar,K,Ca
2.768477113900877,4.696106542425395,4.8939640480690505,6.44880206610982,6.644172889940414,7.978620968851479,9.303349998992537,10.585321543597209,11.854107918925097,13.103603148256402,10.786450076301167,11.83198356833103,12.878214361861705,13.92698775167459,14.97829201269019,16.02667377352593,17.074078556948006,18.119826995314043,18.578593090203082,19.56342956184633
3.8582230316190422,6.454377810111599,6.034641984483009,7.851552164799823,5.561669959489236,6.752779986864086,7.936395590217021,9.075136508022037,10.20078202947263,11.303618794993714,5.125162103646157,5.954082547538951,6.747056433377108,7.527247540262195,8.299480412737967,9.036295916146221,9.752816514955322,10.447793071308203,7.263815352462496,7.74064640252246
2.4414461728032317,4.031511800691159,3.8652971323346157,5.198273525040932,2.632601744367463,3.300269342851679,3.99518678365577,4.647787156410926,5.312366344461087,5.974279555429596,3.4842024802903713,4.146024133573135,4.77416087361522,5.399180085500876,6.021648258591573,6.630675404918371,7.233068963935642,7.829095501531855,2.7487648524498542,3.0088773126764483
1.6125418539809422,2.5127895397764166,1.2404812746603722,1.830310536305108,1.6480509170319944,2.001795299467728,2.3781579744415313,2.714598975775563,3.0659143481671505,3.416582017792868,1.2632527923204495,1.5183834640394784,1.7209601688859137,1.9614123661197655,2.2363465365019706,2.4993199232368863,2.7670115268882576,3.0350472167011264,1.2810756751277743,1.2372711236608722
