H,He,Li,Be,B,C,N,O,F,Ne,Na,Mg,Al,Si,P,S,Cl,Ar
1.787498017454537,3.1024517442544783,3.786792597050789,5.115133215020251,6.308031764174232,5.73393801887313,6.737515797804686,7.730387226426085,8.7279625820966,9.725473660029861,10.673486933654784,11.666546810995822,12.65709203211184,13.646033022680115,14.6342433528804,15.621136608100901,16.607546114415808,17.593319659825436
2.292201571676711,3.625147579845777,2.9852349480119575,4.17614373631917,5.250764485600752,2.160847265432939,2.6741070766900834,3.133003395727093,3.624599403455173,4.121395212665408,3.522252860827449,3.921168673812246,4.378808080751739,4.854864253415085,5.334107475754272,5.814319519925517,6.294859476450236,6.775683212482374
1.4995529725355716,2.3093492219217655,-0.9438566071958304,-1.4010805298776075,-1.8335095541068467,-1.5702812105181014,-1.864477863182515,-2.1047999020224553,-2.377085306401208,-2.6538810596527935,-1.3599524258491844,-1.285089264793014,-1.360215073847777,-1.5284951186527937,-1.7244091746516286,-1.924367855908609,-2.131174807779959,-2.340100599501328
