exps_1,coefs_1s,exps_2,coefs_2s,coefs_2p,exps_3,coefs_3s,coefs_3p,coefs_3d
0.10998664920719652,0.4455758496871992,0.07475925918173083,0.6946725248362867,0.3879759584993963,0.05317494444587197,0.9016430104586792,0.47448169559890974,0.1978541567465645
0.4071539069214421,0.5353616496055968,0.22912436976995537,0.40561594175058013,0.6088670255669524,0.13709616430583899,0.24038030830923557,0.5851294999252754,0.46226612651180465
2.246014031721999,0.15348239175790024,0.9796055206175972,-0.10023970645087293,0.1585573922462697,0.4432527358081049,-0.23489238448284866,0.008197813247249233,0.16100108927279264
