exps_1,coefs_1s,exps_2,coefs_2s,coefs_2p,exps_3,coefs_3s,coefs_3p,coefs_3d
0.10998664920719652,0.4455758496871992,0.07475925918173083,0.6946725248362867,0.3879759584993963,0.05586705716088498,0.9630788698058865,0.5185684850287162,0.31185588110696083
0.4071539069214421,0.5353616496055968,0.22912436976995537,0.40561594175058013,0.6088670255669524,0.1439617159383436,0.15617196163906863,0.5452997462906307,0.64029496251518
2.246014031721999,0.15348239175790024,0.9796055206175972,-0.10023970645087293,0.1585573922462697,0.46628257080369334,-0.21512881547549156,0.0019860863179584206,0.20888536942483074
