H,He,Li,Be
-1.796676813639788,-3.104490340835357,-3.786646490328422,-5.117264918827808
2.321910887505492,3.672253798251155,2.9853165347096966,4.180385197583964
1.5100115147480802,2.3252509873771037,0.9442294194544657,1.4003950812084605
