H,He,Li,Be
1.3481348487786167,2.4112866061968696,2.692099187763969,3.691886977555329
1.1824428893887502,1.7770207439599952,0.6522548933972482,0.9695335908039888
